код;наименование;ингридиенты;инструкция
1;Мандариновый тирамису без яиц;"Тёплое молоко200 мл.
Мука пшеничная500 гр.
Яйцо куриное1 шт
Сахар60 гр.
Масло сливочное растопленное тёплое60 гр.
Соль1 ч. л.
Дрожжи сухие2 ч.л.
Густое повидло или варенье1 банка
Ваниль1 ч. л.";"В ёмкость добавляем молоко, яйцо, сливочное масло, соль, сахар, ваниль, дрожжи. Все хорошо перемешать. Добавить просеянную муку 400 грамм. А затем добавляем по ложке, потому что может уйти меньше, чем 500 гр., зависит от муки. Вымесить мягкое, эластичное тесто. Добавить пару столовых ложек растительного масла, немного помесить. Накрыть пленкой и полотенцем. И оставляем в теплом месте на 1 час.
Приготовление теста
Мы разогреваем духовку на 50 градусов, выключаем и ставим тесто. Оно очень хорошо и быстро подходит.
Формируем на части
Подошедшее тесто обмять, разделить на 10 частей, свернуть в шарики, накрыть пленкой и оставить на 10 минут.
Раскатываем тесто
Каждый шарик раскатать, сверху выложить варенье или повидло и сформировать цветочки.
Кладём начинку
Выложить на противень и дать подойти минут 10.
Заворачиваем в цветок
Смотреть чтобы не вытекала начинка. Если что-поправить.
Контролируем корзиночки
Затем смазать булочки смесью из яйца и молока и отправить в разогретую духовку.
Смазываем яйцом
Выпекать 15-20 минут при температуре 180 градусов."
2;Фарфалле с курицей, моцареллой и грибным соусом;"Курица300 гр
Паста фарфалле250 гр.
Шампиньоны200 гр.
Масло сливочное50 гр.
Сливки200 мл.
Лук0,5 шт.
Моцарелла125 гр.
Любой твердый сыр1 ст.л.
Чеснок1 зубчик.
Мускатный орех, соль, перецпо вкусу.
Лимонный сок1 ст.л.
Маслинынесколько штук";"Сначала приготовим соус. Для этого масло сливочное растапливаем на сковороде. Лук режем кубиками и бросаем на сковороду с маслом. Солим и перчим. Затем добавляем целый зубчик чеснока. Пассируем лук до прозрачности. Добавляем шампиньоны. Обжариваем лук и грибы до румяной корочки. Вливаем сливки, еще солим, перчим, добавляем мускатный орех. Перемешиваем и держим на медленном огне минут 10. Натираем сыр на терке 1 ст.л. и бросаем в соус. В конце добавляем 1 ст. л. лимонного сока и перемешиваем. Соус готов.
Приготовление соуса
Тем временем отвариваем фарфалле.
Отвариваем пасту
К готовой пасте добавляем нарезанное кубиками мясо, моцареллу, грибной соус и маслины, если любите. 
Все перемешиваем, посыпаем зеленью и подаем."
3;Воздушные корзинки с вареньем;"Тёплое молоко200 мл.
Мука пшеничная500 гр.
Яйцо куриное1 шт
Сахар60 гр.
Масло сливочное растопленное тёплое60 гр.
Соль1 ч. л.
Дрожжи сухие2 ч.л.
Густое повидло или варенье1 банка
Ваниль1 ч. Л";"В ёмкость добавляем молоко, яйцо, сливочное масло, соль, сахар, ваниль, дрожжи. Все хорошо перемешать. Добавить просеянную муку 400 грамм. А затем добавляем по ложке, потому что может уйти меньше, чем 500 гр., зависит от муки. Вымесить мягкое, эластичное тесто. Добавить пару столовых ложек растительного масла, немного помесить. Накрыть пленкой и полотенцем. И оставляем в теплом месте на 1 час.
Приготовление теста
Мы разогреваем духовку на 50 градусов, выключаем и ставим тесто. Оно очень хорошо и быстро подходит.
Формируем на части
Подошедшее тесто обмять, разделить на 10 частей, свернуть в шарики, накрыть пленкой и оставить на 10 минут.
Раскатываем тесто
Каждый шарик раскатать, сверху выложить варенье или повидло и сформировать цветочки.
Кладём начинку
Выложить на противень и дать подойти минут 10.
Заворачиваем в цветок
Смотреть чтобы не вытекала начинка. Если что-поправить.
Контролируем корзиночки
Затем смазать булочки смесью из яйца и молока и отправить в разогретую духовку.
Смазываем яйцом
Выпекать 15-20 минут при температуре 180 градусов."
4;Вкусные сахарные плюшки;"молоко500 мл.
мука1 кг.
яйцо1 шт.
соль2 ч.л.
сахар3/4 ст.
слив. масло150 г.
раст. масло50 мл.
дрожжи12-16 г.
ванильпо вкусу";"В ёмкость добавить тёплое молоко, яйцо, растопленное сливочное масло, соль, сахар, дрожжи. Хорошо перемешать. Добавить просеянную муку. 
Приготовление теста
Обязательно просеивать, чтобы насытить муку кислородом. Тесто получится воздушным. Вымесить мягкое тесто, затем в конце замеса добавить раст. масло для эластичности теста. Накрыть плёнкой и полотенцем и оставить подходить на 40 мин. - 1 час.
Формируем шарики
Подошедшее тесто обмять и разделить на 24 части, каждая примерно по 80 г. Свернуть в шарики и накрыть пленкой , чтобы тесто не обветрилось.
Посыпаем сахар
Каждый шарик раскатать, посыпать сахаром.
Сворачиваем в рулетик
Свернуть в рулетик.
Складываем пополам
Сложить рулетик пополам и, не доходя до края, разрезать на две части не доходя до конца.
Делаем надрез
Развернуть обе части и получится как сердечко.
Формируем сердечко
Так сделать все шарики. Сложить наши плюшки на противень с пергаментом и дать подойти 10-15 мин.
Отправляем плюшки в духовку
Подошедшие плюшки отправить в разогретую духовку до 180-200 градусов до готовности, примерно на 30 минут. Ничем не надо смазывать, так как из-за сахара плюшки и так будут очень красивыми и румяными."
5;Cочный шашлык из свинины и киви;"свиная шея3 кг.
лук репчатый4 шт.
киви4 шт.
сильногазированная вода1 литр
соль, перецпо вкусу";"Промыть мясо, высушить, нарезать порционными кусочками.
Подготовка ингредиентов
Разместить все кусочки в глубокой ёмкости.
Киви почистить, нарезать, размять вилкой и добавить к мясу. Всё хорошо перемешать.
Добавляем киви в мясо
Лук почистить, нарезать полукольцами и перемешать с кусочками мяса.
Добавить сильногазированную воду в шашлык.
Замачиваем шашлык
Посолить, поперчить. Всё тщательно перемешать, накрыть и оставить на 2-4 часа.
Киви содержит фермент актадин, который расщепляет белок, поэтому мясо, приготовленное с киви, более нежное на вкус."
6;Треугольные блинчики с капустной начинкой к масленице;"Мука155 гр
Молоко250 мл
Вода125 мл
Разрыхлитель1 ч.л.
Дрожжи сухие1 ч.л.
Сахарныи? песок1 ст.л.
Капуста150 гр";"В теплои? воде растворить дрожжи, сахар и оставить на 10 минут.
Кладём начинку
Затем в дрожжевую смесь влить теплое молоко ,всыпать просеянную муку с разрыхлителем, размешать, накрыть тесто пленкои? и оставить на 30 минут. Тесто получается довольно жидкое.
Формируем треугольник
Далее кладём начинку, в нашем случае это капуста, разогреваем сковороду с толстым дном и антипригарным покрытием, СМАЗЫВАТЬ НЕ НАДО.
В центр налить 3 ст.л. теста, жарить блинчик на среднем огне до тех пор, пока не появятся дырочки, а его поверхность не будет матовои?.
Снять аккуратно лопаткои? с огня, друг на друга не складывать, чтобы не слиплись.
Вкусный блинчик на масленицу
Края блинчиков хорошо слипаются и можно им придать форму кулечка, треугольника, трубочки.
В серединку блинчика положить начинку, края соединить."
7;Лепешки с луком и сыром;"Мука300 -350 г
Молоко250 мл
Дрожжи прессованные15 г
Сахар1 ст. л. с горкои?
Соль1/2 ч.л.
Масло растительное1 ст. л.
Для начинки
Лук репчатыи?170 г
Сыр120 г
Масло сливочное50 г
Сольщепотка";"Добавить просеянную муку, растительное масло. Замесить очень мягкое тесто. Муки может понадобиться чуть больше/ меньше, у нас ушло 300 гр. Тесто положить в миску, смазанную растительным маслом, затянуть плёнкои?, поставить в те?плое место на подъем, до удвоения в объёме. 
Для начинки лук нашинковать четверть кольцами тонко- тонко, чуть присолить и помять руками. Лук придаст начинке аромат и сочность.
Но! Как вариант лук можно обжарить (кто не любит сырои? лук)
Сыр натереть на крупнои? те?рке.
Раскатываем тесто
Когда тесто подои?де?т, раскатать его в прямоугольныи? пласт , ширина раскатки 0,5 см.
Если тесто липковатое, пользуи?тесь мукои?.
Посыпаем сыром и луком
Пласт теста смазать размягченным сливочным маслом не доходя до края 1,5 см.
Разложить начинку: сначала лук, затем сыр.
Заворачиваем в рулет
Скатать в рулет, края защипать. Следить, чтобы рулет был одинаковыи? по всеи? толщине.
Рулет разрезать на 10 равных частеи?.
Нарезаем на кусочки
Затем сложить на блюдо, затянуть плёнкои?, убрать в холодильник на 30 минут, чтобы масло охладилось и застыло.
В холодильнике тесто немного подои?де?т.
Далее каждую заготовку прижать ладонью или раскатать лепешку ,толщина 1 см
Заворачиваем в плёнку
Заготовки разложить на противень, застеленныи? бумагои? для выпечки, накрыть плёнкои?, дать подои?ти около 20 минут.
Затем смазать желтком + 1 ч.л. воды.
Формируем лепёшки
Выпекать при температуре 190 г около 20 минут или до зарумянивания. Ориентируи?тесь на особенности своеи? духовки."
8;Вкусное, нежное песочное печенье;"Сметана100 г
Сахар80 г
Мука320-340 г
Масло сливочное150 г
Желток1 шт
Какао- порошок2 -3 ч.л.
Молоко1 ст. л.
Разрыхлитель1/3 ч.л.
Ванильныи? сахар1/2 ч.л";"В миске смешать сметану и сахар. В другои? миске быстро перетереть в крошку сливочное масло комнатнои? температуре и просеянную муку. Добавить разрыхлитель, ванильныи? сахар, желток, сметану с сахаром. Быстро замесить мягкое, эластичное тесто.
Муки может понадобиться больше/ меньше.
Разрезаем тесто на две части
Тесто разделить на две неравные части большую/ меньшую.
Большую часть положить в пакет, убрать в холодильник на 30 минут.
Сортировка по цвету
Меньшую часть теста нужно сделать шоколаднои?.
Для этого какао смешать с молоком и добавить в тесто. Хорошо вымесить. Тесто должно быть мягким, эластичным.
Если тесто очень мягкое, добавьте муки.
Тесто так же положить в пакет и убрать в холодильник на 30 минут.
Делаем шоколадный слой
Далее каждыи? вид теста разделить на 2 равные части.
Из белого теста раскатать прямоугольный пласт длиной 40 см.

Из шоколадного жгут длиной так же 40 см. В белое тесто завернуть жгут шоколадного, шов хорошо защипнуть, немного подкатать.
Если тесто липнет, воспользуйтесь мукой.
Раскатываем тесто
Далее жгут обвалять в кунжуте, прокатать. Если кунжут не прилипает, смочите тесто чуть водой и кунжут прилипнет хорошо.
Кладём шоколадный слой
Далее жгут нужно прижать слегка ладонью по всей длине, делая его немного плоским или прокатать слегка скалкой.
Нарезать фигурным ножом на треугольники.
Посыпаем кунжут
Готовое печенье перед выпечкои? желательно охладить в холодильнике 20 минут , чтобы оно не потеряло форму.
Формируем треугольники
Выпекать на противне, застеленном бумагои? для выпечки при температуре 180 гр. 20 минут. Печенье должно оставаться светлым."
9;Крендель булочки;"Мука300 г
Молоко200 мл
Соль1/2 ч.л.
Дрожжи сухие4 г
Масло сливочное30 г
Сахар1 ст. л.
Для солевого раствора
Сода3 ст.л.
Вода1 литр";"В глубокую миску просеять муку, добавить сухие дрожжи, сахар, соль.
Затем влить холодное молоко, добавить масло комнатной температуры, замесить гладкое ,эластичное тесто, плотнее, чем на пирожки.
Приготовление теста
Миску затянуть пленкой и оставить тесто отдыхать на 15 минут.
Формируем части
Далее тесто разделить на 13 равных частей , округлить, подкатать в гладкий шарик, накрыть пленкой.
Сформировать булочки/ батончики, накрыть пленкой , дать хорошо подойти.
Раскатываем тесто
Далее, когда булочки подойдут, отправить их в морозилку на 15 минут, чтобы они хорошо держали форму и с ними удобнее было работать.
Формируем булочку
Приготовление щелочного раствора:
В ковшик или сотейник насыпать соду, залить ее кипящей водой.
В этом растворе нужно купать булочки, окуная их и сразу выкладывать на противень, застеленный пергаментной бумагой.
Очень ВАЖНО НЕ ПЕРЕДЕРЖАТЬ!, чтобы не было явного привкуса соды.
Варим тесто в растворе
На каждой заготовке сделать 3-4 надреза лезвием, посыпать солью.
Вкусные крендель булочки
Выпекать при температуре 220 гр до яркого, румяного цвета около 10-12 минут.
Ориентируйтесь на особенности своей духовки.
Подают такие булочки, разрезав вдоль, с красной рыбкой, с паштетом, можно положить листик салата, огурчик, кусочек ветчины, полить соусом..."
10;Банановый кекс без сахара и глютена;"Куриное яйцо2 шт.
Банан3 шт.
Сливочное масло70 гр.
Пшеничная мука250 гр.
Коровье молоко100 мл.
Корица0.5 ч.л.
Разрыхлитель1 ч.л.
Соль1 щепотка";"В первую очередь нужно заняться бананами. Очистить их от кожуры и размять вилкой, до образования пюре. Спелые бананы будут разминаться лучше всего, так что хорошо бы взять именно спелые плоды.
Очищаем бананы
Дальше необходимо смазать форму ля выпекания сливочным маслом, а остатки масла растопить на маленьком огне
Смазываем форму
Смешать пюре из бананов с растопленным сливочным маслом, добавить молоко, яйца и корицу. Яйца перед взбивать необязательно. Смешать все до однородной консистенции.
Смешиваем пюре
Здесь следует быть осторожным, нужно всыпать в смесь муку так, чтобы не было больших комочков. Теперь нужно добавить разрыхлитель и соль, замешать тесто.
Помещаем тесто в духовку
Поместить тесто в форму для запекания, перед этим разогрев духовку до 180? С. выпекать кекс до готовности, это должно занять около 40 минут.
Подаём
Банановый кекс можно подавать к столу, только перед этим ему нужно остыть."
11;Салат с фасолью сухариками;"Фасоль консервированная1 шт.
Консервированная кукуруза1 шт.
Салат Айсберг1 средний кочан
Сухарики с сыром1 - 2 пачки
Майонезпо вкусу
Чеснок1 долька";"Берём консервированную фасоль и сливаем рассол, накладываем в глубокую миску нашу фасоль к ней добавляем кукурузу и тщательно примешиваем.
Открываем фасоль
Затем берём салат Айсберг и промываем под чистой проточной водой, рубим маленькими кусочками. После чего перекладываем в нашу тарелку.
Добавляем салат
Берём любые сухарики из магазина, в нашем случае будут Кириешки с сыром. Используем по вкусу, при желании можете использовать два пакетика ржаных сухариков.
Очищаем чеснок
Очищаем чеснок и пропускаем через чесночницу, и отправляем в наш салат с сухариками мелконарезанный чеснок. Последним этапом будет заправка майонезом. Заправьте салат майонезом, это дело индивидуальное. После чего дайте настояться ингредиентам в течении 10-15 минут. Теперь можете подавать салат с фасолью на праздничный стол."
12;Рулет из лаваша с красной рыбой, огурцом и сыром;"Форель или Семга300 гр. соленая
Лаваш2 шт.
Сыр сливочный250 гр.
Огурцы1 шт";"Красная рыба продается в магазине уже слабосоленой, также ее можно самостоятельно засолить. Нам понадобится только филе, нужно нарезать его тонкими полосочками поперек волокон.
Нарезка красной рыбы
Огурец обязательно вымыть и просушить, срезать кончики. порезать его на тонкие пластинки, а уже их в соломку. с немолодых плодов нужно срезать кожуру и удалить все семена.
Нарезка огурцов
Далее разложить на столе лист лаваша, желательно сделать это ровно.
Смазывание поверхности сыром
Смазать всю поверхность листа сливочным сыром, особенно по краям. Это делается для того, чтобы слои хорошо склеились и не рассыпались впоследствии.
Разлаживаем кусочки
На сливочный сыр разложить поочередно кусочки красной рыбы и огурца. Раскладывать вертикально, чтобы рулет было проще скрутить.
Формирование рулета
Для формирования рулета нужно свернуть его вдоль начинки, желательно поплотнее. Чем плотнее будет свернут рулет, тем лучше нарезанные кусочки рулета будут держать форму. также хорошо бы дать рулету пропитаться , чтобы блюдо стало нежнее и мягче.
Нарезка рулета из лаваша
Готовый рулет нарезать порционными кусочками по три-четыре сантиметра, разложить их на тарелке, и можно подавать на стол."
13;Рулет из лаваша с чесноком и зеленью, яйцом и сыром;"Лаваш6 шт.
Яйцо4 шт.
Сыр150 гр.
Чеснок5 зуб.
Майонез130 гр.
Зелень1 пучок
Сольпо вкусу";"Первым делом берём куриные яйца, отвариваем их в кипящей воде на протяжении десяти минут, очищаем, и натираем на мелкую тёрку, либо мелко измельчаем кухонным ножом. 
Натираем яйца
Берём крупную тёрку и трём сыр (желательно использовать твёрдые сорта сыра).
Трём сыр
Промываем под чистой водой укроп с чесноком и мелко нарезаем.
Нарезаем зелень
Очищаем чеснок от шелухи и давим его через чесночницу.
Давим чеснок
В глубокий резервуар кладём все ингредиенты, тщательно перемешиваем их и солим по вкусу.
Перемешиваем ингредиенты
Кладём первый лист нашего лаваша и покрываем не значительной долей начинки, после чего помещаем второй лист и заполняем начинкой. Заворачиваем лаваш в рулет. Затем отправляем охлаждаться в холодильник на пол часа. Готовый рулет из лаваша с зеленью и чесноком разрезаем на равномерные части и подаём на стол. Эта закуска отлично подойдёт к ароматному кофе."
14;Рулет из лаваша морковью и с крабовыми палочками;"Лаваш2 шт.
Морковь по-корейски150 гр.
Крабовые палочки200 гр.
Сыр творожный150 гр";"Возьмите готовый лаваш и нанесите на него одинаково со всех сторон творожный сыр.
Наносим сыр на лаваш
Берём крабовые палочки и продольно разрезаем их, затем накладываем по длине лаваша, смазываем сыром из творога.
Нарезаем крабовые палочки
На первый слой кладём второй лист лаваша, то есть накрываем наши крабовые палочки.
Делаем второй слой
Натрите корейскую морковь на крупной тёрке, затем разложите на второй слой лаваша.
Натираем морковь
Плотно заверните слои лаваша, чтобы получился полноценный рулет. После чего кладём в пакет либо пищевую плётки и отправляем охлаждаться примерно на 1 час.
Заворачиваем лаваш
Достаём сочный рулет из холодильника, нарезаем на кусочки и подаём на стол. Теперь можете угощать своих домочадцев свежим рулетом из лаваша с крабовыми палочками и морковкой. Это простой рецепт не требует особых навыков."
15;Вишнёвое варенье без косточек с желатином;"Вишня500 гр.
Желатин1 ч.л.
Вода400 мл.
Сахар-песок300 гр";"Промываем вишню под проточной водой, избавляемся от косточек.
Вымываем вишню
Чистую кастрюлю заполняем водой, добавляем сахар и помещаем очищенную вишню. Отваривать в течении пяти минут до тех пор, пока не закипит отвар.
Варим вишню
Берём резервуар, кладём желатин примерно две столовых ложки, заливаем водой, даём настояться.
Приготовление желатина
Когда желатин подойдёт, то помещаем его в кастрюлю и помешиваем до полного растворения. Самое главное, не дать закипеть массе, поэтому делаем маленький огонь.
Разливаем варенье по банкам
В заключении берём стерилизованные банки, заполняем их горячим вареньем из вишни и закатываем на зиму. Когда вишнёвое варенье остынет, отправляем храниться в тёмное прохладное место."
16;Варенье с черной смородиной и крыжовником;"Чёрная смородина1 кг
Крыжовник0.5 кг
Сахар-песок1.5 кг
Апельсин1 шт.";"Для того, чтобы приготовить полезное варенье на зиму нам понадобится один килограмм смородины, пол кило крыжовника и апельсин.
Перебираем ягоды
Сначала перебираем чёрную смородину с крыжовником, плохие ягоды удаляем вместе с плодоножками, промываем под чистой водой и даём слегка обсохнуть.
Перекручиваем ягоды
Затем перемешиваем ягоды и перекручиваем через мясорубку, как альтернативу можете использовать блендер вместо мясорубки.
Нарезаем апельсин
Кипятим воду, и кладём туда не очищенный апельсин на 20 секунд, затем достаём, нарезаем на кусочки и удаляем косточки. После чего помещаем в ягодную смесь.
Добавляем сахар
Добавляем сахар в тёртую смородину с крыжовником и апельсином. Даём отстоять нашей смеси. 
Варим варенье из смородины и крыжовника
Ставим на плиту кастрюлю и накладываем туда ягодную смесь, включаем средний огонь и доводим до кипения, после чего делаем маленький огонёк и варим в течении десяти минут.
Раскладываем варенье по банкам
Предварительно стерилизуем пол литровые банки и равномерно кладём туда готовое варенье. Закрываем капроновой крышкой либо металлической и отправляем храниться в тёмное место. Этот витаминное варенье из крыжовника и смородины поможет иммунитету в суровую зиму."
17;Кабачковые оладьи с укропом и сыром;"Куриное яйцо3 шт.
Кабачки1 шт.
Сыр50 гр.
Зеленьпо вкусу
Соль0.5 ч.л.
Мука пшеничная - 4 ст.л.
Растительное масло5 ст.л.";"Под проточной водой вымываем кабачок, очищаем от шкурки, нарезаем на две половинки и удаляем семена. Достаём крупную тёрку и натираем его.
Натираем кабачок
Промываем зелёный лук с укропом, даём не много просохнуть, затем рубим зелень на мелкие кусочки. На мелкой тёрке натираем сыр.
К нашему кабачку разбиваем яйца и тщательно перемешиваем.
Добавляем яйца и зелень
После чего отправляем к кабачку тёртый сыр с зеленью, посыпаем мукой, солим и всё хорошо перемешиваем, чтобы получилась однородная масса. Если вы собираетесь приготовить кабачковые оладьи для большой семьи, то советуем воспользоваться миксером.
Кладём муку к кабачкам
Запаливаем конфорку на плите, ставим сковороду и поливаем растительным маслом. Чтобы кабачковые оладьи не прилипали можете добавить щепотку соли и перемешать с малом. На раскалённую скороду накладываем содержимое большой ложкой и формируем оладьи. Обжариваем в течении двух минут, до тех пор, пока не появится золотистая корочка. После чего, переворачиваем на другую сторону и обжариваем до полной готовности. Чтобы убрать излишки масла помещаем оладьи на бумажное полотенце, чтобы оно впитало все жиры.
Приготовление кабачковых оладьей на сковороде
Рекомендуем подавать оладьи со сметаной и зеленью."
18;Салат Цезарь с кальмарами и креветками;"Креветки свежие200 гр.
Кальмары200 гр.
Листовой салат100 гр.
Багет4 ломтика
Чеснок2 зубчика
Сыр Пармезан30 гр.
Масло оливковое3 ст.л.";"На этот раз позвольте представить вашему вниманию один из многочисленных вариантов всеми любимого салата Цезарь. Если вы любите морепродукты, то это блюдо точно придется вам по вкусу. Салат Цезарь с креветками и кальмарами, можно приготовить легко и быстро, ведь для этого есть рецепт. Этот салат украсит как романтический ужин, так и праздничный стол.
подготовка морепродуктов
Начать следует с подготовки морепродуктов. Замороженные кальмары нужно залить кипятком, после чего очистить от пленки и удалить внутренности. Нарезать очищенные кальмары можно колечками, соломкой или кубиками, как вам больше нравится.
заливаем кипятком кальмаров
С креветками нужно сделать все то же самое, что и с кальмарами - разморозить и почистить.
обжариваем чеснок
Зубчики чеснока тоже нужно очистить и измельчить. Далее обжарить чеснок в оливковом масле в сковороде, обязательно нужно, чтобы масло впитало в себя аромат чеснока. Не дайте чесноку сгореть, это испортит аромат масла! По завершении обжаривания чеснок следует убрать из масла. И вот, наше оливковое масло превратилось в чесночное.
обжарка морепродуктов
В чесночном масле нужно обжарить морепродукты.
обжарка багета
Ломтики багета нарезать кубиками любого размера, но лучше конечно поменьше, и тоже обжарить в масле до румяной корочки.
натираем сыр
Теперь с помощью крупной терки натереть немного сыра.
приготавливаем соус
Для салата также необходим соус. В чашу блендера добавить оливковое масло, анчоусы, горчицу, лимонный сок, рубленный чеснок, а также соль и перец по желанию, после чего взбить до однородной смеси.
сочный салат цезарь с креветками и кальмарами
Наконец все ингредиенты готовы, теперь можно оформлять салат. Листья салата промыть и обсушить, порвать и выложить на блюдо, после чего разложить обжаренные морепродукты и полить соусом, добавить в салат сухарики и посыпать тертым сыром. Салат Цезарь с креветками и морепродуктами можно подавать на стол."
19;Корзиночки из слоёного теста с начинкой из картофеля и курицей;"Слоёное тесто600 г
Картофель4 шт
Куриное филе400 г
Лук1 шт
Маринованные огурцы4 шт
Сметана9 ч.л
Соль, перецпо вкусу
Яичный желток1шт
Растительное маслодля жарки";"Пласт слоёного теста раскатать, разрезать на 3 полоски.
Нарезанное тесто
С боков каждой полоски делаем вертикальные надрезы, отступая 3 см от края.
Делаем надрезы
Смазываем полоску сметаной, выкладываем в середине начинку: картофель, курица, огурцы.
Смазываем сметаной
Картофель отварить в подсоленной воде, осудить, очистить, нарезать кубиками.
Отвариваем картофель
Куриное филе нарезать мелкими кусочками, выложить на сковородку, добавить лук, перец и соль по вкусу, обжарить до готовности на растительном масле.
Обжариваем куриное филе
Накрываем начинку сначала одной половинкой теста с надрезом, затем второй. Защипываем края, формируем ""окошечко"".
Формируем корзиночки
Укладываем корзиночки на противень, смазываем яичным желтком и ставим в разогретую духовку.
Кладём корзиночки на противень
Выпекаем 25-30 минут при 180 градусах."
20;Чахохбили из курицы;"Курица700 г
Лук200 г
Масло сливочное30 г
Помидоры3 шт
Перец сладкий1-2 шт
Мука1 чайная ложка
Соус ткемали3 ст л
Паприка1 ч л
Соль, красныйперец по вкусу
Чеснок3 зубчика
Смесь травдля мяса
Лук порей1 стебель
Масло растительное для обжарки кусочков курицы";"Кусочки курицы обжарить на сковородке, смазанной растительным маслом.
Обжарка курицы
Лук нарезать полукольцами, спассеровать на сковородке на растопленном сливочном масле. Добавить лук к обжаренной курице.
Добавляем томаты
Помидоры залить кипятком, оставить на 10 минут, снять кожицу, нарезать кусочками.
Выкладываем томаты к курице
На ту же сковородку, где пассеровали лук, выложить порезанные помидоры, прогреть на среднем огне, добавить нарезанный кусочками сладкий перец, обжарить 5 минут. Затем положить соус ткемали, паприку, посолить, поперчить по вкусу, всыпать 1 ч.л. муки, перемешать. Влить 400 мл воды, размешать.
Заправляем овощной заправкой
Подготовленной овощной заправкой заливаем курицу, добавляем смесь трав для мяса, накрываем крышкой, тушим на небольшом огне 1 час.
Кладём лук и чеснок
Добавляем мелко нарезанный чеснок, лук порей, тушим ещё 5 минут."
21;Кабачковые блинчики на скорую руку;"Очищенный кабачок1 кг
Яйцо3 шт
Мука250 г
Молоко200 мл
Сыр70 г
Растительное маслодля жарки
Сольпо вкусу";"Кабачки натереть на мелкой тёрке или пропустить через мясорубку, сыр натереть на мелкой тёрке.
Делаем кабачковую массу
В кабачковую массу добавить яйца, молоко, сыр, соль по вкусу, муку. Все тщательно перемешать.
Перемешиваем ингредиенты
На разогретую сковородку, смазанную растительным маслом, порциями выливаем приготовленное тесто и обжариваем блинчики с двух сторон.
Жарим блинчики
Подавать к столу со сметанной, смешанной с чесноком и укропом."
22;Заливной пирог с капустой;"Кефир400 мл
Мука300 г
Яйца2 шт
Разрыхлитель1 ч. л
Соль0,5 ч. л
Сахар0.5 ч. л
Для начинки
Капуста свежая400 г
Варёные яйца3 шт
Растительное масло для обжарки капусты1,5 ст. л
Соль, перецпо вкусу";"Капусту нарезать, обжарить на растительном масле, добавив соль и перец по вкусу.
Обжарка капусты
Варёные яйца измельчить, смешать с капустой. Начинка готова.
Измельчаем яйца
Для теста : в кефир добавляем яйца, взбиваем, затем частями вводим просеянную муку с разрыхлителем, добавляем соль, перемешиваем.
Делаем тесто
Форму для пирога смазываем сливочным маслом, выливаем 2/3 теста, выкладываем всю начинку, заливаем остатками теста.
Раскладываем в форму
Выпекаем в разогретой духовке при температуре 180 градусов 50-60 минут."
23;Картофельные зразы с мясной начинкой;"Картофель700 г
Яйцо1 шт
Мука4 ст. л.
Лук1 шт
Чеснок1-2 зубчика
Фарш мясной300 г
Соль, перецпо вкусу
Растительное маслодля жарки";"Картофель почистить, отварить в подсоленной воде, слить воду, размять, остудить.
Кладём лук в фарш
В мясной фарш добавить лук, чеснок, соль, перец, обжарить до готовности на растительном масле.
Добавляем в пюре яйцо
В размятый картофель добавить яйцо, муку, перемешать.
Формируем зразы
На присыпанной мукой доске сформировать зразы, обвалять в муке, обжарить на сковородке с двух сторон."
24;Салат с телятиной и шампиньонами;"Телятина400 г
Маринованные огурцы200 г
Шампиньоны300 г
Лук1 шт
Морковь по-корейски 250 г
Маслодля обжарки
Соль, перецпо вкусу
Майонездля заправки";"Шампиньоны нарезаем кусочками, лук мелко режем, соединяем вместе и обжариваем на растительном масле, добавив соль и перец по вкусу.
Жарим шампиньоны
Мясо отвариваем в подсоленной воде до готовности, остужаем, нарезаем небольшими кусочками.
Нарезаем огурцы
Огурчики нарезаем небольшими кубиками, с моркови по-корейски сливаем жидкость.
Отвариваем телятину
Соединяем мясо, огурцы, морковь, грибы, перемешиваем."
25;Баклажановые рулетики с творожной начинкой;"Баклажаны300 г
Сыр творожный180 г
Чеснок1 зубчик
Зелень укропа, сольпо вкусу
Растительное маслодля обжарки";"Баклажаны нарезать тонкими пластинами, замочить в подсоленной воде на 30 минут для устранения горечи. Так как баклажаны не тонут в воде, не забываем сверху поставить грузик .
Нарезаем баклажаны
Обсушенные баклажаны обжарить с двух сторон на растительном масле.
Обжариваем баклажаны
Творожный сыр смешать с протертым чесноком и нарезанной зеленью укропа.
Клажём начинку
На край баклажановой пластинки кладём творожную начинку, сворачиваем рулетиком."
26;Скумбрия с рисом и овощами, запечённая в духовке;"Скумбрия2 шт
Рис длинный300 г
Морковь1 шт
Лук1 шт
Сладкий перец1 шт
Масло растительное3 ст. л.
Сметана3 ст. л.
Соль1,5 ч. л.
Приправа для рыбы1 ч. л.
Вода600 мл
Перец чёрныйпо вкусу";"Подготавливаем рыбу: отрезаем хвост, голову, плавники, вынимаем внутренности, отделяем черную плёночку, промываем, обсушиваем, нарезаем кусочками.
складываем рыбные кусочки в миску
Подготовленные кусочки рыбы выкладываем в миску, добавляем сметану, половину чайной ложки соли, приправу для рыбы, перец, перемешиваем.
нарезаем лук с перцем
Лук и перец нарезаем, морковь либо натираем на крупной тёрке, либо нарезаем брусочками. Обжариваем овощи на растительном масле.
добавляем рис
Рис тщательно промываем в холодной воде, даём хорошо стечь, высыпаем его к обжаренным овощам, добавляем 1 ч л соли, перец, перемешиваем. Держим на огне 4 минуты, постоянно перемешивая.
выкладываем рис в форму
Выложить рис в форму с высокими бортиками, разровнять.
добавляем воды и тушим рыбу
Добавляем 600 мл воды, выкладываем подготовленные кусочки рыбы, накрываем фольгой и отправляем в духовку на 1 час при температуре 200 градусов (до готовности риса)
снимаем фольгу, затем дотушиваем
Снимаем фольгу и запекаем ещё 20-30 минут при температуре 180 градусов до зарумянивания рыбы."
27;Медовое печенье;"Масло сливочное100 г
Мука400 г
Сахар100 г
Яйца2 шт
Мёд3 ст л
Грецкие орехи80 г
Разрыхлитель10 г
Щепотка солипо вкусу";"Размягченное сливочное масло растереть с сахаром.
Добавляем два яйца
Добавить 2 яйца, взбить миксером до пены. Влить 3 ст л. мёда, перемешать Всыпать просеянную муку, разрыхлитель, соль, вымешать тесто.
Измельчаем орехи
Грецкие орехи измельчить в блендере.
Формируем шарики
Из теста формируем небольшие шарики, сплющиваем их сверху, обваливаем в измельчённых грецких орехах.
Выкладываем печенье на противень
Выкладываем сформированное печенье на противень, застеленный пергаментом и выпекаем 25 - 30 минут при температуре 170 градусов."
28;Рубленые куриные котлетки с сыром;"Филе куриное500 г
Сыр200 г
Яйцо2 шт
Майонез2 ст. л.
Крахмал2 ст.л.
Чеснок2 зубчика
Соль, зелень укропаперец по вкусу
Растительное маслодля жарки";"Филе порезать мелкими кусочками, сыр натереть на средней тёрке, чеснок измельчить, укроп мелко нарезать
Соединяем филе с яйцами и майонезом
Соединить филе, яйца, сыр, крахмал, майонез, чеснок, укроп, соль, перец, перемешать.
Выкладываем фарш на сковороду
Полученный фарш столовой ложкой выкладывать на разогретую смазанную растительным маслом сковородку и обжаривать с двух сторон до готовности.
"
29;Спагетти с красной рыбой под сливочным соусом;"Спагетти250 г
Филе свежей красной рыбы300 г
Лук1 шт
Чеснок2 зубчика
Сливки 10 %400 мл
Мука1 ч. л.
Сыр твёрдый100 г
Зелень петрушкиили укропа
Оливковое маслодля жарки
Соль, перецпо вкусу";"Спагетти отвариваем в подсоленной воде до готовности, откидываем на дуршлаг, сливаем воду.
Обжариваем лук с чесноком
Лук мелко нарезать, чеснок покрошить. Обжарить лук и чеснок на оливковом масле до золотистого цвета.
Добавляем филе красной рыбы
Филе красной рыбы нарезать небольшими кубиками. Добавить филе к обжаренному луку, посолить, поперчить, обжарить.
Высыпаем муку
Всыпаем в рыбу муку, перемешиваем, вливаем сливки, добавляем соль и перец по вкусу, закрываем крышкой, тушим 5 минут.
Добавляем тёртый сыр
Всыпаем тёртый сыр, перемешиваем, добавляем зелень.
Всё перемешиваем
Подаём к столу со спагетти."
30;Очень простой и очень вкусный кекс с изюмом;"Масло сливочное170 г
Сахар170 г.
Мука250 г
Яйца3 шт
Изюм150 г
Ванильный сахар1 ч. л
Разрыхлитель0,5 ч. л.
Сольпо вкусу";"Сливочное масло размягчить в микроволновке.
Соединяем сахар с мукой
Соединить масло, сахар, ванильный сахар, взбить миксером. По одному ввести яйца. После введения каждого яйца тщательно взбивать миксером. Добавить соль, просеянную муку, разрыхлитель, всё тщательно перемешать.
Добавляем изюм
Промытый и обсушенный изюм обвалять в муке, чтобы равномерно распределился по форме. Добавить изюм в тесто, перемешать.
Помещаем на форму
Форму для кекса смазать сливочным маслом (силиконовую форму смазывать не надо). Выложить тесто в форму и поставить в разогретую до 180 градусов духовку.
Выпекаем
Выпекать в течение часа. Готовность кекса проверять деревянной палочкой. В высокой форме кекс выпекался у нас 1 час 20 минут. Кекс остудить, посыпать сахарной пудрой."
31;Куриная грудка фаршированная грибами;"Филе куриной грудки600 г
Шампиньоны400 г
Лук1 шт
Сметана3 ст. л.
Чеснок1 зубчик
Соль, перец, сухие травыпо вкусу
Сыр70 г.";"В половинках филе куриной грудки делаем надрезы вниз (не прорезаем насквозь) и в бок, формируя ""лодочки"".
Жарим шампиньоны
Шампиньоны обжариваем с луком на растительном масле, добавив соль и перец по вкусу.
Смешиваем сметану
Сметану смешиваем с раздавленным чесноком, солью, перцем, добавляем небольшую щепотку смеси сухих трав для мяса.
Смазываем смесью лодочки
Сметанной смесью смазываем ""лодочки"", укладываем в разрезы обжаренные грибы, сверху их покрываем сметанной смесью, укладываем в форму, смазанную растительным маслом и отправляем в разогретую до температуры 180 градусов духовку, запекаем 40 минут.
Куриная грудка фаршированная грибами
Достаём ""лодочки"", посыпаем тёртым сыром и снова ставим в духовку на 20 минут."
32;Куриные крылышки, запечённые в духовке;"Крылышки1 кг
Майонез3 ст. л.
Томатная паста1 ст. л.
Соевый соус1 ст. л.
Соль, перецпо вкусу.
Смесь травдля мяса
Чеснок2 зубчика";"Крылышки промыть, обсушить.
Приготовление соуса
Приготовить соус: смешать майонез, томатную пасту, соевый соус, соль, перец, раздавленный чеснок, добавить смесь трав для мяса.
Маринование куриных крылышек
Крылышки замариновать в соусе и оставить на 40 минут.
Выкладываем на форму и отправляем в духовку
Выложить в форму, смазанную растительным маслом и запекать в духовке при температуре 180 градусов 1 час."
33;Классический омлет;"Яйца6 штук
Молоко1,5 стакана
Сливочное маслодля смазывания формы
Сольпо вкусу";"Отделить белки от желтков.
Взбиваем миксером
Желтки соединить с молоком, солью, взбить миксером. Вылить смесь в форму, смазанную сливочным маслом.
Белки взбиваем миксером
Белки взбить миксером до появления пиков.
Взбитые сливки перемешиваем
Частями ввести взбитые белки в желтково-молочную смесь, аккуратно перемешать.
Отправляем смесь в духовку
Поставить в духовку, выпекать при температуре 170 градусов 40 минут."
34;Картофель с овощами и мясом, запечённый в духовке;"Картофель1 кг
Мясо (свинина)500 г
Морковь1 шт
Лук1 шт
Перец сладкий1 - 2 шт
Небольшие помидорки150 г
Соль, перецпо вкусу
Паприкамолотая
Смесь кавказских травпо вкусу
Растительное масло2 столовые ложки";"Картофель очистить, мясо порезать кусочками.
Нарезанный картофель с мясом
Лук порезать полукольцами, морковь брусочками, сладкий перец полосками.
В миску сложить картофель, мясо, лук, морковь, перец, целые помидорки, добавить соль, перец, немного паприки, смесь трав, растительное масло, все перемешать. 
Картофель в пакете с овощами
Сложить картофель с мясом и овощами в пакет для запекания, скрепить пакет клипсами и поставить в духовку. Запекать 1 час при температуре 200 градусов."
35;Куриное филе запечённое в духовке;"Куриное филе600 г
Лук1-2шт.
Сметана3 ст. л.
Майонез3 ст. л.
Чеснок2 зубчика
Сыр200 г
Укроп1 небольшой пучок
Соль, перецпо вкусу
Растительное маслодля смазывания формы";"Филе куриной грудки нарезать пластами толщиной 5-7 мм.
Натираем сыр
Сыр натереть на средней тёрке, укроп мелко нарезать.
Приготовление
Приготовить соус :соединить майонез, сметану, половину тертого сыра, добавить укроп, размятый чеснок, всё перемешать.
Укладываем на форму филе
Половину подготовленного филе уложить в форму, смазанную растительным маслом. Сверху на филе выложить половину соуса, разровнять.
Посыпаем луковыми кольцами
Дальше выкладываем лук, нарезанный полукольцами, подсаливаем.
Укладываем оставшееся филе
На лук укладываем оставшееся филе, добавляем соль, перец, выливаем на филе оставшийся соус, разравниваем.
Посыпаем тертым сыром, отправляем в духовку
Посыпаем тёртым сыром и ставим в разогретую духовку. Запекаем при температуре 180 градусов 45 минут."
36;Пирог с луком пореем и сыром;"Мука3 стакана
Сливочное масло200 г
Вода12ст.л.
Лук порей200 г
Сыр твёрдый200 г
Яйцо4 шт.
Молоко260 мл.
Соль, перецпо вкусу";"В муку добавляем соль, сливочное масло, нарезанное кусочками, разминаем руками до однородности.
Заливаем водой тесто
Добавляем 12 столовых ложек воды, замешиваем тесто.
Смазываем маслом форму для выпечки
Форму для выпечки смазываем маслом, выкладываем тесто, распределяя его по форме и формируя бортики.
Нарезаем лук
Лук порезать кружочками. На сковородку положить небольшой кусочек сливочного масла (25 г), всыпать лук, посолить, пассеровать его до мягкости (5 минут)
Натираем сыр на тёрке
Сыр натереть на тёрке, добавить к нему пассерованный лук, перемешать. Сырною - луковую массу выложить в форму на тесто. Соединить яйца и молоко, добавить соль и перец, взбить миксером.
Молочной смесью заливаем пирог
Молочно-яичной смесью залить пирог. Поставить в разогретую духовку и выпекать при температуре 180 градусов 40 -
45 минут."
37;Жаркое по-домашнему;"Мясо (говядина)500 г
Картофель1 кг
Морковь2 шт
Лук2 шт
Томатная паста1 ст.л.
Вода1,5 стакана
Растительное маслодля обжарки
Соль, перецпо вкусу";"Лук нарезаем полукольцами, морковь кусочками. Кладём лук и морковь в глубокую сковородку и обжариваем на растительном масле 5 минут.
Обжариваем мясо
Мясо нарезаем средними кусочками, кладём к овощам и обжариваем 15 минут. Затем вливаем полстакана воды, добавляем соль, специи для мяса, перец, закрываем крышкой и тушим 20 минут.
Накрываем крышку сковороды и кладём картофель
Добавляем к мясу 1 стакан воды, 1 ст. л. томатной пасты, подсаливаем. Укладываем в сковородку картофель, накрываем крышкой и тушим 1 час.
Насыщенное жаркое по-домашнему
Жаркое по-домашнему готово."
38;Голубцы в листьях пекинской капусты;"Кочан пекинской капусты1 шт
Мясной фарш (свино-говяжий)350 г
Рис длиннозерный80г
Морковь2 шт
Лук2 шт
Чеснок2 зубчика
Растительное маслодля обжарки лука и моркови.
Вода300 мл
Томатная паста1 ст. л.
Сметана3 ст.л.
Соль и перецпо вкусу";"Кочан пекинской капусты разобрать на листья. Листья положить в блюдо и залить кипятком, оставить на 10 минут. Затем вынуть, остудить, срезать утолщения в нижней части листа. Рис отварить до полуготовности.
Натираем морковь
Морковь натереть на крупной терке, лук мелко порезать. Обжарить лук и морковь на растительном масле, добавив соль по вкусу.
Добавляем соль с чесноком
В мясной фарш добавить растертый чеснок, рис, 2 столовые ложки обжаренных овощей, соль и перец.
Кладём начинку
На край листа капусты кладём столовую ложку с горкой мясной начинки, сворачиваем голубец.
Укладываем на сковороду
Подготовленные голубцы укладываем в глубокую сковородку на половину обжаренных овощей, сверху покрываем оставшимися овощами.
Приготовление соуса
Готовим соус: в 300 мл. тёплой воды добавляем 1 ст л. томатной пасты, 3 ст. л. сметаны, соль и перец, размешиваем.
Голубцы в листьях пекинской капусты
Заливаем голубцы соусом, закрываем крышкой и тушим 40 минут на небольшом огне."
39;Рыбный рассольник;"Вода2 литра
Картофель400 г
Огурцы солёные300 г
Морковь1 шт
Лук1 шт
Консервы рыбные 1 банка200 г
Соль, зелень укропапо вкусу
Перец чёрный горошком3 шт
Лист лавровый1 шт";"Картофель нарезать кубиками, опустить в кипящую воду (соль не добавлять), варить на среднем огне.
Натираем морковь на крупной тёрке
Морковь натереть на крупной тёрке, лук мелко порезать. Морковь и лук обжарить на растительном масле.
Натираем солёные огурцы
Огурцы солёные натереть на крупной тёрке.
Отправляем огурцы с морковью в кастрюлю
Когда картофель сварится до полуготовности, положить в кастрюлю огурцы и варить пока картофель не станет мягким.
Помещаем зажарку в суп
Добавить в суп зажарку из лука и моркови, варить 3 минуты. Пробуем, если соли от огурцов недостаточно для вкуса, то подсаливаем бульон.
Добавляем рыбные консервы
Положить рыбные консервы, варить ещё 5 минут. Кладём в суп перец чёрный горошком, лавровый лист, зелень, варим 3 минуты."
40;Зразы мясные с яйцом и зелёным луком;"Фарш мясной (свино-говяжий)500 г.
Крупная луковица1 шт
Зубчики чеснока2 шт
Белый хлеб30 г
Молоко100 мл
Яйцо4 шт
Зелёный лук, соль и перецпо вкусу
Растительное маслодля жарки
Панировочные сухари150 гр.";"Лук и чеснок пропускаем через мясорубку, белый хлеб замачиваем в молоке.
Кладём измельчённый лук в фарш
В мясной фарш кладём лук с чесноком, замоченный в молоке хлеб, желток от одного яйца, соль и перец, всё тщательно перемешиваем.
Взбиваем белок
Белок от 1 яйца взбиваем миксером до белой пышной пены. Осторожно вводим белок в мясной фарш, перемешиваем.
Нарезаем яйца
Сваренные вкрутую яйца мелко нарезаем, соединяем с зелёным луком, чайной ложкой растительного масла, солим, перемешиваем.
Посыпаем панировочные сухари
Разделочную доску посыпаем панировочными сухарями и приступаем к формированию зраз. Руками берём небольшую порцию фарша, формируем шарик, кладём его на доску, посыпанную сухарями, расплющиваем в лепёшку.
Кладём начинку
На середину лепешки кладём чайную ложку с горкой начинки, осторожно сворачиваем пополам и защипываем края. Посыпаем панировочными сухарями.
Обжариваем зразы на сковороде
Обжариваем на растительном масле на среднем огне."
41;Сырный сливочный суп с грибами и курицей;"Филе куриное200 г
Морковь1 шт.
Лук1 шт.
Картофель400 г.
Грибы (шампиньоны)200 г
Сыр плавленый сливочный200 г
Вода2,5 л
Растительное маслодля обжарки
Зелень укропапетрушки.
Соль и перецпо вкусу";"Куриное филе отвариваем в подсоленной воде (2,5 литра) до готовности.
Нарезаем лук
Лук мелко нарезаем, морковь натираем на крупной тёрке. Шампиньоны моем и нарезаем кусочками.
Обжариваем лук и морковь
Лук и морковь обжариваем с небольшим количеством растительного масла в течение 10 минут, добавив соль и перец по вкусу.
Добавляем шампиньоны
К луку и моркови добавляем нарезанные шампиньоны, обжариваем ещё 15 минут до выпаривания жидкости из грибов.
Вынимаем варенное мясо
Мясо вынимаем из кастрюли, нарезаем кусочками, кладём обратно в бульон, доливаем воды (если выкипела во время варки мяса), подсаливаем.
Варим картофель
Когда бульон снова закипит кладём туда порезанный кубиками картофель и варим до его готовности.
Обжариваем картофель
Как только картофель станет мягким, высыпаем в суп обжарку, варим 3 минуты.
Ароматный сырный сливочный суп с грибами и курицей
Добавляем плавленый сливочный сыр, тщательно размешиваем.
Наш суп готов. Осталось только добавить зелень и можно подавать к столу."
42;Паштет из куриной печени;"Печень куриная600 г
Лук1 шт
Морковь1шт
Масло сливочное100 г
Сливки 10%100 мл
Растительное масло1 ст. л.
Соль и перецпо вкусу";"Печень промываем, даём стечь, обжариваем на растительном масле.
Натираем морковь
Морковь трём на крупной терке, лук режем, отправляем к печени, обжариваем 10 минут.
Тушим паштет
Добавляем соль, перец, вливаем полстакана воды, убавляем огонь, закрываем крышкой и тушим 20-25 минут.
Готовый паштет из куриной печени
Отправляем в миску, кладём размягченное сливочное масло, вливаем сливки, измельчаем блендером до получения однородной массы. Раскладываем в формочки."
43;Хрустящие булочки с жульеном внутри;"Готовые булочки6 штук
Филе куриное400 г
Шампиньоны200 г
Сметана4 ст. л.
Сыр твёрдый140 г.
Чеснок1 зубчик
Оливковое масло1, 5 ч. л.
Соль и перецпо вкусу";"Один зубчик чеснока мелко режем, обжариваем на оливковом масле.
Жарим куриное филе
Куриное филе моем, обсушиваем, нарезаем небольшими кусочками, отправляем на сковородку к чесноку, добавляем соль, перец, обжариваем до готовности.
Кладём грибы на сковороду
Шампиньоны нарезаем, кладём на сковородку, смазанную оливковым маслом, солим, выпариваем воду, слегка обжариваем.
Соединяем куриное филе со сметаной
Соединяем куриное филе и грибы, добавляем 3-4 столовые ложки сметаны, перемешиваем, тушим 2 минуты, кладём 70 г. тёртого сыра, перемешиваем, выключаем огонь. Начинка для булочек готова.
Вынимаем мякиш с булочек
С булочек аккуратно снимаем верх - ""крышечки"", вынимаем мякиш.
Наполняем будочки жульеном
Наполняем булочки жульеном, посыпаем оставшимся тёртым сыром, накрывает ""крышечкой"", выкладываем на поднос, застеленный пергаментом.
Отправляем булочки в духовку
Отправляем в разогретую духовку и запекаем при температуре 180 градусов 10 минут."
44;Кабачковые чебуреки с ветчиной и сыром;"Кабачок1кг
Молоко100 мл
Яйца2 шт.
Мука200 г
Чеснокпо желанию
Ветчина200 г
Сыр200 г
Растительное маслодля обжарки
Соль и перецпо вкусу";"Кабачки натираем на крупной тёрке, солим и оставляем на 15 минут для выделения жидкости.
Подготовка ветчины с сыром
В это время подготавливаем ветчину и сыр :ветчину нарезаем небольшими кубиками, сыр трём на средней тёрке.
Отжимаем кабачковую массу
Кабачковую массу хорошо отжимаем руками, сливаем жидкость. Добавляем к кабачкам молоко, яйца, муку, перец, чеснок по желанию, всё перемешиваем.
Разлаживаем кабачковую массу на сковороду
Выкладываем столовой ложкой кабачковую массу на разогретую и смазанную растительным маслом сковородку, осторожно разравниваем в виде тонкого блинчика, жарим.
Формируем чебуреки из кабачков
Как только блинчик немного ""схватится"" кладём на одну его половинку кубики ветчины, сверху на них сыр. Аккуратно сгибаем блинчик пополам, скрепляем края. Обжариваем с двух сторон."
45;Лёгкий вермишелевый суп с курицей и сухариками;"Филе курицы300 г
Вода2,5 литра
Вермишель60 г
Морковь1 шт
Лук1 шт
Перец горошком3 шт
Лавровый лист2 шт
Растительное маслодля обжарки
Соль и перец, зеленьпо вкусу
Хлебдля сухариков";"Хлеб нарезать кубиками и подсушить в духовке при температуре 120 градусов до хрустящих сухариков.
Отвариваем куриное филе
Куриное филе отварить в подсоленной воде до готовности.
Натираем морковь
Морковь натереть на тёрке, лук мелко порезать, выложить на сковородку, посолить, обжарить с небольшим количеством растительного масла.
Жарим вермишель
Вермишель высыпать на сухую сковородку и обжарить на небольшом огне при постоянном помешивании без масла до золотистого цвета. Так она будет не разваливаться в супе и придаст ему более насыщенный вкус.
Варим вермишелевый суп
Филе порезать на кусочки, положить обратно в бульон. Если вода выкипела, добавить до 2,5 литра, подсолить. Когда бульон закипит положить обжаренные овощи и высыпать вермишель. Добавить перец горошком, лавровый лист, зелень. Варить 5 минут."
46;Творожник. Вкусный творожный десерт, отлично подойдёт к детскому завтраку;" Для теста
Мука2 стакана
Сахар4 ст. л.
Маслосливочное 120 г
Сода1 ч. л.
Соль:щепотка
 Для начинки
Творог500 г
Яйцо4 шт.
Сахар3/4 стакана
Ванильный сахар1 уп
Соль:щепотка";"Для теста сливочное масло натираем на крупной тёрке. Соединяем с мукой, сахаром, содой, солью, руками растираем всё в крошку.
Приготовление начинки
Для начинки соединяем творог, яйца, сахар, ванилин, перемешиваем миксером.
Разлаживаем по формам
Форму смазать сливочным маслом, выложить 2/3 части теста, затем вылить всю начинку, разровнять, сверху присыпать оставшимся тестом.
Отправляем выпекать
Выпекать при 180 градусах 20-30 минут."
47;Куриные голени с картофелем, запечённые в духовке;"Куриные голени6 штук
Картофель800 г
Сметана3 ст. л.
Томатная паста1 ч. л.
Смесь травдля мяса
Чеснок1-2 зубчика
Оливковое масло2 ст. л.
Соль и перецпо вкусу";"Подготавливаем куриные голени: моем, обсушиваем. Сметану смешиваем с томатной пастой, травами, добавляем соль, перец, протертый чеснок. Голени обмазываем получившейся смесью, оставляем мариноваться на 1 час.
Маринование голени
Картофель чистим, нарезаем кружочками. Лук нарезаем полукольцами.
Чистим картофель
Соединяем картофель и лук, добавляем оливковое масло, соль, перец, перемешиваем.
Накрываем фольгой
Выкладываем картофель с луком в форму, сверху кладём голени, закрываем фольгой и ставим на 1час при температуре 180 градусов.
Куриные голени с картофелем, запечённые в духовке
Снимаем фольгу и оставляем в духовке ещё на 30 минут. Если остаётся много жидкости, её можно аккуратно слить и подержать блюдо в духовке еще 10-15 минут."
48;Красная рыба с овощами под сыром, запечённая в духовке;"Средняя красная рыба (горбуша)1 шт.
Луковицы2 шт.
Томаты4 шт.
Сыр200 г
Майонез1 ст. л
Соль, перецпо вкусу
Растительное маслодля обжарки";"Красную рыбу разрезать вдоль пополам, отделить от кости, выбрать мелкие косточки.
Кладём филе на пергамент
Получившиеся половинки рыбного филе положить на пергамент, посолить, поперчить, слегка смазать майонезом.
Нарезаем лук кольцами
Лук порезать тонкими полу кольцами, выложить на рыбу.
Выкладываем томаты
Помидорки тоже режем, выкладываем поверх лука, немного солим.
Натираем сыр
Посыпаем тёртым сыром, сверху немного смазываем майонезом (можно сметаной), чтобы сыр не засох (можно смешать тёртый сыр со столовой ложкой майонеза и аккуратно распределить массу поверх помидор).
Отправляем в духовку
Сворачиваем пергамент в виде ""лодочки"" и ставим нашу рыбку в разогретую духовку на 1 час при температуре 180 градусов."
49;Мясо тушеное с овощами;"Свинина (курица)500 г
Лук2 шт
Перец сладкий1-2 шт
Помидор3 шт
Паста томатная1 ст. л.
Перец острый1/4 небольшого. стручка
Сольпо вкусу
Вода200 мл
1 ст. л.без горки муки
Растительное маслодля обжарки";"Мясо режем небольшими кусочками, солим, обжариваем на сковородке до полуготовности.

Добавляем мелко порезанный лук, обжариваем с мясом 10 - 15 минут, чтобы лук стал золотистого цвета.

Добавляем порезанный перец, помидоры, очищенный от семечек и мелко нарезанный острый перец (кто не любит острое, можно перец не добавлять). Накрываем крышкой и тушим 15 минут.

Снимаем крышку, добавляем 1 ст. л. томатной пасты и тушим без крышки 5 минут.

Всыпаем 1 ст. л. без горки муки, перемешиваем.

Вливаем 200 мл воды, перемешиваем, подсаливаем и тушим после закипания не более 5 минут."
50;Салат Цезарь с креветками;"Листовой салат 5 - 6 шт.
Помидоры черри 100 гр.
Сыр Пармезан 50 гр.
Креветки свежие 100 гр.
Батон 3 кусочка
Соль 0.25 ч.л.
Масло оливковое 2 ст.л.
Лимонный сок 1 ч.л.";"Ведь ни для кого не секрет, что салат Цезарь включает в себя свежие овощи с хрустящими гренками и фирменным соусом с куриным филе. В данном рецепте мы рассмотрим приготовление салата Цезаря без добавления курицы, вместо неё мы будем использовать креветки. Благодаря чему салат приобретёт необычный вкус и станет необычным блюдом на Вашем столе!
Приготовление соуса для салата
Для того чтобы сделать соус для нашего салата нам понадобится. Сначала отварить куриное яйцо в подсоленной воде. Затем очистить его и положить в глубокую посуду, поливаем лимонным соком и добавляем горчицу, после чего измельчаем ингредиенты при помощи блендера. При помешивании поливаем растительным маслом и кладём измельчённые анчоусы. Когда масса станет однородной, добавляем соль, бальзамический уксус, перец.
Сервировка листьев салата
Очищаем листья салата и промываем под чистой проточной водой, вытираем насухо полотенцем. После чего вручную разрываем на маленькие кусочки. Накладываем салатные листья в салатницу и заправляем нашим готовым соусом и тщательно перемешиваем
Сервировка черри
Томаты черри так же промываем под чистой водой, протираем и разрезаем на половинки. Накладываем томаты поверх листьев салата
Натираем сыр и обжариваем креветки
Натираем сыр Пармезан на мелкой тёрке и выкладываем в салатницу. Предварительно размороженные креветки смачиваем в оливковом масле с лимонным соком. Разогреваем сковороду, выкладываем сочные креветки и обжариваем с двух сторон пару минут. Затем помещаем креветки в салатницу.
Приготовление гренок
Приготовление гренок. Берём свежий батом и нарезаем мелкими кубиками, разогреваем сковороду поливаем растительным маслом и выкладываем нарезанные кубики и жарим до появления румяной корочки. Гренки необходимо накладывать перед подачей салата, для придания хрустящего вкуса."
